prediction,income_clean_avg,purchase_count_avg,login_count_avg,activity_score_avg,customer_value_index_avg
1,500034.24677414866,2.9998451585043093,12.501104281801707,0.005562342829983329,0.3029352178328066
0,499928.3546453369,2.999985199515531,12.500684722413247,0.005558891017727717,0.3026961082526101
2,500028.6765649751,2.99993398368452,12.498661376782659,0.005560650907729945,0.30271945666360645
